部门名称,官方参数1_backup,官方参数2_backup,2026实际编制,本_研_师_在编_高研院_聚类标签,本_研_师_在编_高研院_预测,本_研_师_在编_高研院_vs参数1差值,本_研_师_在编_高研院_vs参数2差值,本_研_师_公课数量_在编_高研院_聚类标签,本_研_师_公课数量_在编_高研院_预测,本_研_师_公课数量_在编_高研院_vs参数1差值,本_研_师_公课数量_在编_高研院_vs参数2差值,本_研_师_是否公课_在编_高研院_聚类标签,本_研_师_是否公课_在编_高研院_预测,本_研_师_是否公课_在编_高研院_vs参数1差值,本_研_师_是否公课_在编_高研院_vs参数2差值
物理科学与工程学院,10.18,11.0,6,组0,5.96,-4.22,-5.04,组0,5.96,-4.22,-5.04,组0,5.96,-4.22,-5.04
数学科学学院,7.8,8.0,6,组0,5.99,-1.81,-2.01,组0,5.99,-1.81,-2.01,组0,5.99,-1.81,-2.01
化学科学与工程学院,6.69,7.0,7,组0,6.75,0.06,-0.25,组0,6.75,0.06,-0.25,组0,6.75,0.06,-0.25
海洋与地球科学学院,7.93,9.0,8,组0,7.94,0.01,-1.06,组0,7.94,0.01,-1.06,组0,7.94,0.01,-1.06
生命科学与技术学院,9.98,11.0,8,组0,8.48,-1.5,-2.52,组0,8.48,-1.5,-2.52,组0,8.48,-1.5,-2.52
机械工程与机器人学院,9.49,9.0,11,组0,11.13,1.64,2.13,组0,11.13,1.64,2.13,组0,11.13,1.64,2.13
测绘与地理信息学院,6.46,7.0,5,组0,5.54,-0.92,-1.46,组0,5.54,-0.92,-1.46,组0,5.54,-0.92,-1.46
计算机科学与技术学院（软件学院）,14.39,14.0,12,组0,11.86,-2.53,-2.14,组0,11.86,-2.53,-2.14,组0,11.86,-2.53,-2.14
汽车与能源学院,13.65,13.0,11,组2,11.01,-2.64,-1.99,组2,11.01,-2.64,-1.99,组2,11.01,-2.64,-1.99
材料科学与工程学院,9.59,10.0,9,组0,9.07,-0.51,-0.93,组0,9.07,-0.51,-0.93,组0,9.07,-0.51,-0.93
电子与信息工程学院,21.17,21.0,16,组0,15.77,-5.39,-5.23,组0,15.77,-5.39,-5.23,组0,15.77,-5.39,-5.23
环境科学与工程学院，联合国环境规划署-同济大学环境与可持续发展学院,14.7,15.0,17,组1,16.95,2.24,1.95,组1,16.95,2.24,1.95,组1,16.95,2.24,1.95
土木工程学院,26.05,25.0,27,组1,26.88,0.83,1.88,组1,26.88,0.83,1.88,组1,26.88,0.83,1.88
交通学院（铁道与城市轨道交通研究院），未减去磁浮中心的数量,18.55,18.0,20,组0,20.14,1.59,2.14,组0,20.14,1.59,2.14,组0,20.14,1.59,2.14
建筑与城市规划学院,19.98,20.0,20,组0,20.16,0.18,0.16,组0,20.16,0.18,0.16,组0,20.16,0.18,0.16
航空航天与力学学院,7.92,9.0,7,组0,6.97,-0.95,-2.03,组0,6.97,-0.95,-2.03,组0,6.97,-0.95,-2.03
中德工程学院，职业技术教育学院,null,null,5,组0,5.19,,,组0,5.19,,,组0,5.19,,
医学院,20.15,18.0,22,组0,21.72,1.56,3.72,组0,21.72,1.56,3.72,组0,21.72,1.56,3.72
设计创意学院,6.51,7.0,9,组0,9.03,2.52,2.03,组0,9.03,2.52,2.03,组0,9.03,2.52,2.03
人文学院,8.06,9.0,7,组0,7.08,-0.98,-1.92,组0,7.08,-0.98,-1.92,组0,7.08,-0.98,-1.92
外国语学院,11.14,12.0,12,组0,12.02,0.88,0.02,组0,12.02,0.88,0.02,组0,12.02,0.88,0.02
经济与管理学院,16.44,16.0,22,组0,22.14,5.7,6.14,组0,22.14,5.7,6.14,组0,22.14,5.7,6.14
政治与国际关系学院,5.0,6.0,3,组0,3.74,-1.26,-2.26,组0,3.74,-1.26,-2.26,组0,3.74,-1.26,-2.26
艺术与传媒学院,7.83,8.0,7,组0,7.06,-0.77,-0.94,组0,7.06,-0.77,-0.94,组0,7.06,-0.77,-0.94
上海国际知识产权学院,3.6,4.0,4,组0,3.94,0.33,-0.06,组0,3.94,0.33,-0.06,组0,3.94,0.33,-0.06
马克思主义学院,5.89,7.0,8,组0,8.07,2.18,1.07,组0,8.07,2.18,1.07,组0,8.07,2.18,1.07
国际文化交流学院,3.0,4.0,4,组0,4.27,1.27,0.27,组0,4.27,1.27,0.27,组0,4.27,1.27,0.27
法学院,5.72,6.0,6,组0,5.75,0.03,-0.25,组0,5.75,0.03,-0.25,组0,5.75,0.03,-0.25
体育部（国际足球学院）,7.38,8.0,11,组0,11.06,3.69,3.06,组0,11.06,3.69,3.06,组0,11.06,3.69,3.06
医学与生命科学部,null,null,2,全0,2.0,,,全0,2.0,,,全0,2.0,,
出国培训学院，留德预备部,null,null,0,组0,0.0,,,组0,0.0,,,组0,0.0,,
网络教育学院，继续教育学院,null,null,9,全0,9.0,,,全0,9.0,,,全0,9.0,,
中德学院,null,null,3,全0,3.0,,,全0,3.0,,,全0,3.0,,
创新创业学院,null,null,8,组0,7.31,,,组0,7.31,,,组0,7.31,,
新生院,null,null,3,组0,2.31,,,组0,2.31,,,组0,2.31,,
国豪书院（未来技术学院）,null,null,8,组0,8.54,,,组0,8.54,,,组0,8.54,,
国家卓越工程师学院，国际工程师学院,null,null,7,组0,8.07,,,组0,8.07,,,组0,8.07,,
中意工程创新学院,null,null,4,组0,2.07,,,组0,2.07,,,组0,2.07,,
启迪书院,null,null,4,组0,4.92,,,组0,4.92,,,组0,4.92,,
口腔医学院,null,null,0,组0,0.0,,,组0,0.0,,,组0,0.0,,
上海自主智能无人系统科学中心,null,null,11,组0,10.81,,,组0,10.81,,,组0,10.81,,
同济大学上海国际设计创新学院,null,null,0,组0,0.0,,,组0,0.0,,,组0,0.0,,
【汇总】R²,,,,,0.995,,,,0.995,,,,0.995,,
【汇总】MAPE(%),,,,,5.191,,,,5.191,,,,5.191,,
【汇总】t_p(均值检验),,,,,0.82,,,,0.82,,,,0.82,,
【汇总】均值检验结论,,,,,通过,,,,通过,,,,通过,,
【汇总】F_p(方差检验),,,,,0.998,,,,0.998,,,,0.998,,
【汇总】方差检验结论,,,,,通过,,,,通过,,,,通过,,
【汇总】Levene_p,,,,,0.981,,,,0.981,,,,0.981,,
【汇总】Levene检验结论,,,,,通过,,,,通过,,,,通过,,
【汇总】MAE_vs参数1,,,,,1.722,,,,1.722,,,,1.722,,
【汇总】RMSE_vs参数1,,,,,2.268,,,,2.268,,,,2.268,,
【汇总】MAE_vs参数2,,,,,1.951,,,,1.951,,,,1.951,,
【汇总】RMSE_vs参数2,,,,,2.481,,,,2.481,,,,2.481,,
【汇总】全局_信号方差,,,,,1.42342,,,,1.42342,,,,1.42342,,
【汇总】全局_长度尺度,,,,,0.863385,,,,0.863385,,,,0.863385,,
【汇总】全局_噪声方差,,,,,0.1,,,,0.1,,,,0.1,,
【汇总】全局_log边际似然,,,,,-60.344228,,,,-60.344228,,,,-60.344228,,
【汇总】组0_收缩权重,,,,,0.7347,,,,0.7347,,,,0.7347,,
【汇总】组1_收缩权重,,,,,0.1333,,,,0.1333,,,,0.1333,,
【汇总】组2_收缩权重,,,,,0.0,,,,0.0,,,,0.0,,
【汇总】组0_信号方差,,,,,1.816669,,,,1.816669,,,,1.816669,,
【汇总】组0_长度尺度,,,,,1.064544,,,,1.064544,,,,1.064544,,
【汇总】组0_噪声方差,,,,,0.1,,,,0.1,,,,0.1,,
【汇总】组1_信号方差,,,,,0.989995,,,,0.989995,,,,0.989995,,
【汇总】组1_长度尺度,,,,,0.081795,,,,0.081795,,,,0.081795,,
【汇总】组1_噪声方差,,,,,5e-06,,,,5e-06,,,,5e-06,,
【汇总】组2_信号方差,,,,,1.42342,,,,1.42342,,,,1.42342,,
【汇总】组2_长度尺度,,,,,0.863385,,,,0.863385,,,,0.863385,,
【汇总】组2_噪声方差,,,,,0.1,,,,0.1,,,,0.1,,
【汇总】组0_成员,,,,,物理科学与工程学院; 数学科学学院; 化学科学与工程学院; 海洋与地球科学学院; 生命科学与技术学院; 机械工程与机器人学院; 测绘与地理信息学院; 计算机科学与技术学院（软件学院）; 材料科学与工程学院; 电子与信息工程学院; 交通学院（铁道与城市轨道交通研究院），未减去磁浮中心的数量; 建筑与城市规划学院; 航空航天与力学学院; 中德工程学院，职业技术教育学院; 医学院; 设计创意学院; 人文学院; 外国语学院; 经济与管理学院; 政治与国际关系学院; 艺术与传媒学院; 上海国际知识产权学院; 马克思主义学院; 国际文化交流学院; 法学院; 体育部（国际足球学院）; 出国培训学院，留德预备部; 创新创业学院; 新生院; 国豪书院（未来技术学院）; 国家卓越工程师学院，国际工程师学院; 中意工程创新学院; 启迪书院; 口腔医学院; 上海自主智能无人系统科学中心; 同济大学上海国际设计创新学院,,,,物理科学与工程学院; 数学科学学院; 化学科学与工程学院; 海洋与地球科学学院; 生命科学与技术学院; 机械工程与机器人学院; 测绘与地理信息学院; 计算机科学与技术学院（软件学院）; 材料科学与工程学院; 电子与信息工程学院; 交通学院（铁道与城市轨道交通研究院），未减去磁浮中心的数量; 建筑与城市规划学院; 航空航天与力学学院; 中德工程学院，职业技术教育学院; 医学院; 设计创意学院; 人文学院; 外国语学院; 经济与管理学院; 政治与国际关系学院; 艺术与传媒学院; 上海国际知识产权学院; 马克思主义学院; 国际文化交流学院; 法学院; 体育部（国际足球学院）; 出国培训学院，留德预备部; 创新创业学院; 新生院; 国豪书院（未来技术学院）; 国家卓越工程师学院，国际工程师学院; 中意工程创新学院; 启迪书院; 口腔医学院; 上海自主智能无人系统科学中心; 同济大学上海国际设计创新学院,,,,物理科学与工程学院; 数学科学学院; 化学科学与工程学院; 海洋与地球科学学院; 生命科学与技术学院; 机械工程与机器人学院; 测绘与地理信息学院; 计算机科学与技术学院（软件学院）; 材料科学与工程学院; 电子与信息工程学院; 交通学院（铁道与城市轨道交通研究院），未减去磁浮中心的数量; 建筑与城市规划学院; 航空航天与力学学院; 中德工程学院，职业技术教育学院; 医学院; 设计创意学院; 人文学院; 外国语学院; 经济与管理学院; 政治与国际关系学院; 艺术与传媒学院; 上海国际知识产权学院; 马克思主义学院; 国际文化交流学院; 法学院; 体育部（国际足球学院）; 出国培训学院，留德预备部; 创新创业学院; 新生院; 国豪书院（未来技术学院）; 国家卓越工程师学院，国际工程师学院; 中意工程创新学院; 启迪书院; 口腔医学院; 上海自主智能无人系统科学中心; 同济大学上海国际设计创新学院,,
【汇总】组1_成员,,,,,环境科学与工程学院，联合国环境规划署-同济大学环境与可持续发展学院; 土木工程学院,,,,环境科学与工程学院，联合国环境规划署-同济大学环境与可持续发展学院; 土木工程学院,,,,环境科学与工程学院，联合国环境规划署-同济大学环境与可持续发展学院; 土木工程学院,,
【汇总】组2_成员,,,,,汽车与能源学院,,,,汽车与能源学院,,,,汽车与能源学院,,
