部门名称,大类,官方参数1_backup,官方参数2_backup,2026实际编制,本_研_师_派遣_高研院_部分池化预测,本_研_师_派遣_高研院_部分池化vs参数1差值,本_研_师_派遣_高研院_部分池化vs参数2差值,本_研_师_公课数量_派遣_高研院_部分池化预测,本_研_师_公课数量_派遣_高研院_部分池化vs参数1差值,本_研_师_公课数量_派遣_高研院_部分池化vs参数2差值,本_研_师_是否公课_派遣_高研院_部分池化预测,本_研_师_是否公课_派遣_高研院_部分池化vs参数1差值,本_研_师_是否公课_派遣_高研院_部分池化vs参数2差值
物理科学与工程学院,理,10.18,11,6,6.01,-4.17,-4.99,6.01,-4.17,-4.99,6.01,-4.17,-4.99
数学科学学院,理,7.8,8,6,6.23,-1.58,-1.77,6.23,-1.58,-1.77,6.23,-1.58,-1.77
化学科学与工程学院,理,6.69,7,7,6.77,0.08,-0.23,6.77,0.08,-0.23,6.77,0.08,-0.23
海洋与地球科学学院,理,7.93,9,8,7.93,-0.01,-1.07,7.93,-0.01,-1.07,7.93,-0.01,-1.07
生命科学与技术学院,理,9.98,11,8,8.01,-1.97,-2.99,8.01,-1.97,-2.99,8.01,-1.97,-2.99
机械工程与机器人学院,工,9.49,9,11,11.12,1.63,2.12,11.12,1.63,2.12,11.12,1.63,2.12
测绘与地理信息学院,工,6.46,7,5,5.09,-1.37,-1.91,5.09,-1.37,-1.91,5.09,-1.37,-1.91
计算机科学与技术学院（软件学院）,工,14.39,14,12,11.89,-2.5,-2.11,11.89,-2.5,-2.11,11.89,-2.5,-2.11
汽车与能源学院,工,13.65,13,11,11.01,-2.64,-1.99,11.01,-2.64,-1.99,11.01,-2.64,-1.99
材料科学与工程学院,工,9.59,10,9,9.06,-0.52,-0.94,9.06,-0.52,-0.94,9.06,-0.52,-0.94
电子与信息工程学院,工,21.17,21,16,15.95,-5.22,-5.05,15.95,-5.22,-5.05,15.95,-5.22,-5.05
环境科学与工程学院，联合国环境规划署-同济大学环境与可持续发展学院,工,14.7,15,17,16.95,2.25,1.95,16.95,2.25,1.95,16.95,2.25,1.95
土木工程学院,工,26.05,25,27,26.89,0.84,1.89,26.89,0.84,1.89,26.89,0.84,1.89
交通学院（铁道与城市轨道交通研究院），未减去磁浮中心的数量,工,18.55,18,20,20.04,1.49,2.04,20.04,1.49,2.04,20.04,1.49,2.04
建筑与城市规划学院,工,19.98,20,20,20.06,0.08,0.06,20.06,0.08,0.06,20.06,0.08,0.06
航空航天与力学学院,工,7.92,9,7,7.01,-0.92,-1.99,7.01,-0.92,-1.99,7.01,-0.92,-1.99
中德工程学院，职业技术教育学院,工,null,null,5,5.17,,,5.17,,,5.17,,
医学院,医,20.15,18,22,21.71,1.56,3.71,21.71,1.56,3.71,21.71,1.56,3.71
设计创意学院,文,6.51,7,9,8.95,2.44,1.95,8.95,2.44,1.95,8.95,2.44,1.95
人文学院,文,8.06,9,7,7,-1.06,-2,7,-1.06,-2,7,-1.06,-2
外国语学院,文,11.14,12,12,12,0.87,0,12,0.87,0,12,0.87,0
经济与管理学院,文,16.44,16,22,22,5.57,6,22,5.57,6,22,5.57,6
政治与国际关系学院,文,5,6,3,3.08,-1.92,-2.92,3.08,-1.92,-2.92,3.08,-1.92,-2.92
艺术与传媒学院,文,7.83,8,7,7.05,-0.78,-0.95,7.05,-0.78,-0.95,7.05,-0.78,-0.95
上海国际知识产权学院,文,3.6,4,4,4,0.4,0,4,0.4,0,4,0.4,0
马克思主义学院,文,5.89,7,8,8,2.11,1,8,2.11,1,8,2.11,1
国际文化交流学院,文,3,4,4,4.05,1.05,0.05,4.05,1.05,0.05,4.05,1.05,0.05
法学院,文,5.72,6,6,6,0.28,0,6,0.28,0,6,0.28,0
体育部（国际足球学院）,文,7.38,8,11,11.06,3.68,3.06,11.06,3.68,3.06,11.06,3.68,3.06
医学与生命科学部,医,null,null,2,2,,,2,,,2,,
出国培训学院，留德预备部,文,null,null,0,0,,,0,,,0,,
网络教育学院，继续教育学院,文,null,null,9,9.72,,,9.72,,,9.72,,
中德学院,文,null,null,3,3,,,3,,,3,,
创新创业学院,文,null,null,8,8,,,8,,,8,,
新生院,工,null,null,3,3,,,3,,,3,,
国豪书院（未来技术学院）,工,null,null,8,8,,,8,,,8,,
国家卓越工程师学院，国际工程师学院,工,null,null,7,7.04,,,7.04,,,7.04,,
中意工程创新学院,工,null,null,4,3.15,,,3.15,,,3.15,,
启迪书院,工,null,null,4,3.96,,,3.96,,,3.96,,
口腔医学院,医,null,null,0,0,,,0,,,0,,
上海自主智能无人系统科学中心,工,null,null,11,10.97,,,10.97,,,10.97,,
同济大学上海国际设计创新学院,文,null,null,0,0,,,0,,,0,,
【汇总】部分池化_R²,,,,,0.999,,,0.999,,,0.999,,
【汇总】部分池化_MAPE(%),,,,,1.434,,,1.434,,,1.434,,
【汇总】部分池化_t_p(均值检验),,,,,0.956,,,0.956,,,0.956,,
【汇总】部分池化_均值检验结论,,,,,通过,,,通过,,,通过,,
【汇总】部分池化_F_p(方差检验),,,,,0.993,,,0.993,,,0.993,,
【汇总】部分池化_方差检验结论,,,,,通过,,,通过,,,通过,,
【汇总】部分池化_Levene_p,,,,,0.987,,,0.987,,,0.987,,
【汇总】部分池化_Levene检验结论,,,,,通过,,,通过,,,通过,,
【汇总】部分池化_MAE_vs参数1,,,,,1.749,,,1.749,,,1.749,,
【汇总】部分池化_RMSE_vs参数1,,,,,2.258,,,2.258,,,2.258,,
【汇总】部分池化_MAE_vs参数2,,,,,1.955,,,1.955,,,1.955,,
【汇总】部分池化_RMSE_vs参数2,,,,,2.493,,,2.493,,,2.493,,
【汇总】全局_信号方差,,,,,0.810152,,,0.810152,,,0.810152,,
【汇总】全局_长度尺度,,,,,0.112748,,,0.112748,,,0.112748,,
【汇总】全局_噪声方差,,,,,0.1,,,0.1,,,0.1,,
【汇总】全局_log边际似然,,,,,-69.134358,,,-69.134358,,,-69.134358,,
【汇总】医_收缩权重,,,,,0.1778,,,0.1778,,,0.1778,,
【汇总】工_收缩权重,,,,,0.6337,,,0.6337,,,0.6337,,
【汇总】文_收缩权重,,,,,0.6022,,,0.6022,,,0.6022,,
【汇总】理_收缩权重,,,,,0.3509,,,0.3509,,,0.3509,,
【汇总】医_信号方差,,,,,0.989995,,,0.989995,,,0.989995,,
【汇总】医_长度尺度,,,,,0.081795,,,0.081795,,,0.081795,,
【汇总】医_噪声方差,,,,,5.00E-06,,,5.00E-06,,,5.00E-06,,
【汇总】工_信号方差,,,,,0.965004,,,0.965004,,,0.965004,,
【汇总】工_长度尺度,,,,,0.038273,,,0.038273,,,0.038273,,
【汇总】工_噪声方差,,,,,0.008362,,,0.008362,,,0.008362,,
【汇总】文_信号方差,,,,,0.98999,,,0.98999,,,0.98999,,
【汇总】文_长度尺度,,,,,0.01,,,0.01,,,0.01,,
【汇总】文_噪声方差,,,,,1.00E-05,,,1.00E-05,,,1.00E-05,,
【汇总】理_信号方差,,,,,0.989995,,,0.989995,,,0.989995,,
【汇总】理_长度尺度,,,,,0.01,,,0.01,,,0.01,,
【汇总】理_噪声方差,,,,,5.00E-06,,,5.00E-06,,,5.00E-06,,
