大类,部门名称,组织员人数,编制人数,本科生,研究生,留学生人数,长期留学生人数,折合学生数,在编-教师,公共课学分,公共课数量,是否公共课,预算约束人数,在编-教辅,在编-思政,在编-管理,在编-工勤,博士后,双轨制,学校经费派遣,部门经费派遣,项目经费派遣,可上报高研院,不可上报高研院,可上报柔性,不可上报柔性,劳动合同制专职科研人员,一年制科研助理
理,物理科学与工程学院,1,6,522,565,17,7,1372.3,108,40.5,15,1,10,20,1,7,1,31,4,0,0,28,6,0,2,3,7,2
理,数学科学学院,1,7,482,274,16,6,895.4,82,101,22,1,7,2,1,6,0,13,4,0,1,0,7,0,0,0,0,0
理,化学科学与工程学院,1,6,271,412,5,5,891,63,30,12,1,7,15,4,5,0,27,4,0,0,1,7,0,1,1,0,0
理,海洋与地球科学学院,1,7,207,382,22,22,788.8,85,0,0,0,8,19,2,7,0,39,7,0,3,4,7,10,1,3,0,1
理,生命科学与技术学院,1,8,336,662,17,10,1333,104,0,0,0,11,16,2,6,0,100,6,0,4,13,15,0,0,2,0,5
工,机械工程与机器人学院,2,13,1189,949,50,47,2631.3,98,23,8,1,16,21,6,12,0,87,7,0,5,12,6,0,0,3,0,1
工,测绘与地理信息学院,1,6,348,396,14,2,942.8,53,5,2,1,6,5,2,6,0,21,2,0,2,4,3,0,3,2,0,2
工,计算机科学与技术学院（软件学院）,2,10,1440,933,116,87,2874.3,121,33.5,14,1,15,10,7,10,0,30,2,0,10,2,6,0,1,8,0,2
工,汽车与能源学院,2,11,841,1024,13,8,2380.2,270,0,0,0,13,51,15,24,3,0,12,9,108,78,0,0,6,6,0,21
工,材料科学与工程学院,1,10,499,716,15,15,1579,92,2,1,1,11,16,2,9,1,28,5,0,0,0,16,0,0,5,0,0
工,电子与信息工程学院,2,15,1687,1247,161,95,3595.5,203,14,5,1,20,21,8,14,0,38,5,0,10,12,10,0,0,7,4,5
工,环境科学与工程学院，联合国环境规划署-同济大学环境与可持续发展学院,2,16,377,1208,244,198,2268.2,318,0,0,0,16,38,14,24,0,120,12,0,32,30,14,0,4,14,8,6
工,土木工程学院,5,25,859,2611,481,368,4922.7,558,7,3,1,33,86,22,46,0,482,16,2,114,134,34,0,8,28,6,6
工,交通学院（铁道与城市轨道交通研究院），未减去磁浮中心的数量,2,21,996,1509,103,46,3277.9,191,0,0,0,22,51,8,20,1,56,3,2,15,30,8,2,0,14,2,4
工,建筑与城市规划学院,3,21,701,1373,711,374,2910.1,214,0,0,0,22,10,8,18,0,90,7,2,40,3,7,0,1,10,0,24
工,航空航天与力学学院,1,7,438,381,12,7,1012.3,73,17,5,1,7,16,2,5,0,25,6,0,1,1,10,1,0,1,1,0
工,中德工程学院，职业技术教育学院,1,8,631,107,228,105,833.5,58,0,0,0,5,14,8,18,0,0,2,0,22,0,0,0,0,0,0,16
医,医学院,4,19,1147,2883,214,180,5543.5,137,0,0,0,30,39,10,15,0,391,10,5,52,23,8,1,5,11,1,3
文,设计创意学院,1,8,438,303,176,139,948.1,52,0,0,0,8,0,4,4,0,23,7,0,25,3,4,6,1,1,1,5
文,人文学院,1,7,318,367,16,16,874.9,92,2,1,1,7,0,3,6,0,33,1,0,2,0,0,0,0,1,0,2
文,外国语学院,1,12,398,287,13,13,833.7,152,54,25,1,11,5,2,12,0,7,4,0,0,0,0,0,0,4,0,1
文,经济与管理学院,2,22,862,1271,548,522,2977.3,169,2,1,1,21,2,9,25,0,59,2,0,92,8,3,0,1,8,16,9
文,政治与国际关系学院,1,4,211,191,66,58,520.7,48,0,0,0,4,0,2,6,0,2,0,0,0,0,0,0,1,0,0,1
文,艺术与传媒学院,1,8,604,249,77,72,1006.3,75,6,2,1,7,3,5,8,1,0,4,0,1,0,0,0,0,2,0,1
文,上海国际知识产权学院,1,4,0,200,77,77,330.8,30,0,0,0,3,0,2,4,0,0,2,0,2,0,1,0,0,0,1,0
文,马克思主义学院,1,8,112,241,0,0,473.5,70,25,13,1,6,0,2,7,0,5,5,0,0,0,0,0,0,0,0,1
文,国际文化交流学院,1,5,99,23,858,750,433.5,24,0,0,0,4,0,3,6,0,0,0,4,11,1,0,0,0,0,0,0
文,法学院,1,6,330,258,41,41,733.4,49,0,0,0,4,1,3,6,0,0,1,1,4,0,0,0,0,2,0,0
文,体育部（国际足球学院）,1,12,225,123,6,6,411.9,192,0,0,0,8,0,2,22,2,0,10,0,88,0,0,0,0,0,0,0
医,医学与生命科学部,1,2,0,0,0,0,0,0,0,0,0,0,0,0,2,0,0,0,0,0,0,0,0,0,0,0,0
文,出国培训学院，留德预备部,0,0,0,0,0,0,0,12,0,0,0,0,2,0,0,0,0,0,0,14,0,0,0,0,0,0,0
文,网络教育学院，继续教育学院,1,9,0,0,101,6,2.4,8,0,0,0,0,0,0,14,0,0,0,0,35,5,0,0,0,0,0,0
文,中德学院,1,3,0,1,0,0,1.5,1,0,0,0,0,0,1,3,0,0,0,0,3,0,0,0,0,0,0,0
文,创新创业学院,1,6,0,0,0,0,0,1,0,0,0,0,9,0,6,9,0,4,0,0,0,0,0,0,0,0,0
工,新生院,1,3,48,0,0,0,48,0,0,0,0,0,0,3,4,0,0,0,0,0,0,0,0,0,0,0,0
工,国豪书院（未来技术学院）,2,8,1600,0,0,0,1600,0,0,0,0,0,0,5,4,0,0,6,0,0,0,0,0,0,0,0,0
工,国家卓越工程师学院，国际工程师学院,1,6,0,0,0,0,0,0,0,0,0,0,0,1,1,0,0,5,0,4,1,0,0,0,0,0,0
工,中意工程创新学院,1,0,0,0,0,0,0,0,0,0,0,0,0,0,0,0,0,0,0,0,0,0,0,0,0,0,0
工,启迪书院,1,4,597,0,0,0,597,0,0,0,0,0,0,1,3,0,0,1,0,0,0,0,0,0,0,0,0
医,口腔医学院,1,0,259,189,8,8,545.7,0,0,0,0,0,1,1,1,0,18,0,0,0,0,0,0,0,0,0,0
工,上海自主智能无人系统科学中心,2,11,0,414,0,0,621,10,0,0,0,0,0,2,12,0,0,12,0,6,10,0,0,0,0,4,2
文,同济大学上海国际设计创新学院,0,0,0,180,0,0,270,0,0,0,0,0,0,0,0,0,0,0,0,0,0,0,1,0,0,1,0
