部门名称,官方参数1_backup,官方参数2_backup,2026实际编制,本_研_师_是否公课_一年制_聚类标签,本_研_师_是否公课_一年制_预测,本_研_师_是否公课_一年制_vs参数1差值,本_研_师_是否公课_一年制_vs参数2差值,本_研_师_是否公课_聚类标签,本_研_师_是否公课_预测,本_研_师_是否公课_vs参数1差值,本_研_师_是否公课_vs参数2差值,本_研_师_公课数量_一年制_聚类标签,本_研_师_公课数量_一年制_预测,本_研_师_公课数量_一年制_vs参数1差值,本_研_师_公课数量_一年制_vs参数2差值
物理科学与工程学院,10.18,11.0,6,组1,8.1,-2.08,-2.9,组1,8.13,-2.05,-2.87,组1,8.26,-1.91,-2.74
数学科学学院,7.8,8.0,6,组1,6.55,-1.25,-1.45,组1,6.61,-1.2,-1.39,组1,6.98,-0.83,-1.02
化学科学与工程学院,6.69,7.0,7,组1,6.83,0.15,-0.17,组1,6.84,0.15,-0.16,组1,6.86,0.18,-0.14
海洋与地球科学学院,7.93,9.0,8,组0,7.93,-0.0,-1.07,组0,8.03,0.1,-0.97,组0,7.85,-0.08,-1.15
生命科学与技术学院,9.98,11.0,8,组0,8.98,-1.0,-2.02,组0,8.85,-1.13,-2.15,组0,8.82,-1.16,-2.18
机械工程与机器人学院,9.49,9.0,11,组1,9.86,0.37,0.86,组1,10.06,0.57,1.06,组1,9.51,0.02,0.51
测绘与地理信息学院,6.46,7.0,5,组1,5.89,-0.57,-1.11,组1,5.77,-0.69,-1.23,组0,5.7,-0.76,-1.3
计算机科学与技术学院（软件学院）,14.39,14.0,12,组1,12.11,-2.29,-1.89,组2,12.45,-1.94,-1.55,组1,11.77,-2.62,-2.23
汽车与能源学院,13.65,13.0,11,组2,12.95,-0.69,-0.05,组2,12.65,-1.0,-0.35,组2,13.19,-0.46,0.19
材料科学与工程学院,9.59,10.0,9,组1,9.26,-0.32,-0.74,组1,9.4,-0.19,-0.6,组0,9.01,-0.58,-0.99
电子与信息工程学院,21.17,21.0,16,组2,17.2,-3.97,-3.8,组2,16.92,-4.25,-4.08,组2,17.16,-4.0,-3.84
环境科学与工程学院，联合国环境规划署-同济大学环境与可持续发展学院,14.7,15.0,17,组2,16.34,1.64,1.34,组2,16.6,1.9,1.6,组2,16.36,1.66,1.36
土木工程学院,26.05,25.0,27,组2,26.55,0.5,1.55,组2,26.76,0.71,1.76,组2,26.36,0.31,1.36
交通学院（铁道与城市轨道交通研究院），未减去磁浮中心的数量,18.55,18.0,20,组2,18.92,0.37,0.92,组2,19.23,0.69,1.23,组2,19.11,0.56,1.11
建筑与城市规划学院,19.98,20.0,20,组2,19.91,-0.07,-0.09,组2,19.96,-0.01,-0.04,组2,19.98,0.0,-0.02
航空航天与力学学院,7.92,9.0,7,组1,7.15,-0.77,-1.85,组1,7.26,-0.66,-1.74,组0,7.07,-0.85,-1.93
中德工程学院，职业技术教育学院,null,null,5,组0,5.42,,,组0,5.03,,,组0,5.43,,
医学院,20.15,18.0,22,组2,21.7,1.55,3.7,组2,21.73,1.58,3.73,组2,21.85,1.7,3.85
设计创意学院,6.51,7.0,9,组0,8.26,1.75,1.26,组0,7.83,1.32,0.83,组0,8.36,1.85,1.36
人文学院,8.06,9.0,7,组1,7.42,-0.64,-1.58,组1,7.39,-0.67,-1.61,组0,7.26,-0.8,-1.74
外国语学院,11.14,12.0,12,组1,10.86,-0.28,-1.14,组1,11.12,-0.01,-0.88,组1,10.61,-0.52,-1.39
经济与管理学院,16.44,16.0,22,组2,19.59,3.15,3.59,组2,19.16,2.72,3.16,组2,19.38,2.95,3.38
政治与国际关系学院,5.0,6.0,3,组0,4.34,-0.66,-1.66,组0,4.29,-0.7,-1.71,组0,4.18,-0.82,-1.82
艺术与传媒学院,7.83,8.0,7,组1,7.03,-0.8,-0.97,组1,6.95,-0.88,-1.05,组0,7.01,-0.82,-0.99
上海国际知识产权学院,3.6,4.0,4,组0,4.58,0.98,0.58,组0,4.63,1.02,0.63,组0,4.51,0.91,0.51
马克思主义学院,5.89,7.0,8,组1,7.13,1.24,0.13,组1,6.92,1.04,-0.08,组1,7.0,1.12,0.0
国际文化交流学院,3.0,4.0,4,组0,4.25,1.26,0.25,组0,4.3,1.3,0.3,组0,4.23,1.23,0.23
法学院,5.72,6.0,6,组0,6.01,0.28,0.01,组0,6.04,0.31,0.04,组0,5.97,0.25,-0.03
体育部（国际足球学院）,7.38,8.0,11,组0,9.18,1.81,1.18,组0,9.28,1.9,1.28,组0,9.29,1.91,1.29
医学与生命科学部,null,null,2,全0,2.0,,,全0,2.0,,,全0,2.0,,
出国培训学院，留德预备部,null,null,0,组0,1.87,,,组0,1.94,,,组0,1.71,,
网络教育学院，继续教育学院,null,null,9,组0,6.67,,,组0,6.73,,,组0,6.93,,
中德学院,null,null,3,组0,4.6,,,组0,4.67,,,组0,4.69,,
创新创业学院,null,null,8,组0,4.85,,,组0,4.92,,,组0,4.96,,
新生院,null,null,3,组0,3.38,,,组0,3.43,,,组0,3.37,,
国豪书院（未来技术学院）,null,null,8,组0,7.13,,,组0,7.33,,,组0,7.28,,
国家卓越工程师学院，国际工程师学院,null,null,7,全0,7.0,,,全0,7.0,,,全0,7.0,,
中意工程创新学院,null,null,4,全0,4.0,,,全0,4.0,,,全0,4.0,,
启迪书院,null,null,4,组0,4.02,,,组0,4.04,,,组0,4.05,,
口腔医学院,null,null,0,组0,1.98,,,组0,1.99,,,组0,1.81,,
上海自主智能无人系统科学中心,null,null,11,组0,8.45,,,组0,8.3,,,组0,8.73,,
同济大学上海国际设计创新学院,null,null,0,组0,1.97,,,组0,2.01,,,组0,1.79,,
【汇总】R²,,,,,0.96,,,,0.96,,,,0.961,,
【汇总】MAPE(%),,,,,11.129,,,,10.961,,,,10.956,,
【汇总】t_p(均值检验),,,,,0.924,,,,0.956,,,,0.846,,
【汇总】均值检验结论,,,,,通过,,,,通过,,,,通过,,
【汇总】F_p(方差检验),,,,,0.623,,,,0.635,,,,0.626,,
【汇总】方差检验结论,,,,,通过,,,,通过,,,,通过,,
【汇总】Levene_p,,,,,0.607,,,,0.621,,,,0.601,,
【汇总】Levene检验结论,,,,,通过,,,,通过,,,,通过,,
【汇总】MAE_vs参数1,,,,,1.087,,,,1.096,,,,1.102,,
【汇总】RMSE_vs参数1,,,,,1.427,,,,1.42,,,,1.441,,
【汇总】MAE_vs参数2,,,,,1.352,,,,1.359,,,,1.38,,
【汇总】RMSE_vs参数2,,,,,1.715,,,,1.713,,,,1.745,,
【汇总】全局_信号方差,,,,,1.966234,,,,1.637864,,,,1.762067,,
【汇总】全局_长度尺度,,,,,4.692762,,,,3.783149,,,,4.598013,,
【汇总】全局_噪声方差,,,,,0.1,,,,0.1,,,,0.1,,
【汇总】全局_log边际似然,,,,,-36.178413,,,,-34.94917,,,,-36.04081,,
【汇总】组0_收缩权重,,,,,0.5938,,,,0.5938,,,,0.6486,,
【汇总】组1_收缩权重,,,,,0.48,,,,0.4583,,,,0.35,,
【汇总】组2_收缩权重,,,,,0.381,,,,0.4091,,,,0.381,,
【汇总】组0_信号方差,,,,,0.928922,,,,0.928922,,,,0.91824,,
【汇总】组0_长度尺度,,,,,0.01,,,,0.01,,,,0.01,,
【汇总】组0_噪声方差,,,,,0.1,,,,0.1,,,,0.1,,
【汇总】组1_信号方差,,,,,1.39169,,,,1.190758,,,,1.054596,,
【汇总】组1_长度尺度,,,,,0.49813,,,,0.283664,,,,0.684556,,
【汇总】组1_噪声方差,,,,,0.0,,,,3.2e-05,,,,0.0,,
【汇总】组2_信号方差,,,,,0.989955,,,,1.638544,,,,0.98587,,
【汇总】组2_长度尺度,,,,,0.01,,,,1.569105,,,,0.01,,
【汇总】组2_噪声方差,,,,,4.5e-05,,,,1e-05,,,,0.00413,,
【汇总】组0_成员,,,,,海洋与地球科学学院; 生命科学与技术学院; 中德工程学院，职业技术教育学院; 设计创意学院; 政治与国际关系学院; 上海国际知识产权学院; 国际文化交流学院; 法学院; 体育部（国际足球学院）; 出国培训学院，留德预备部; 网络教育学院，继续教育学院; 中德学院; 创新创业学院; 新生院; 国豪书院（未来技术学院）; 启迪书院; 口腔医学院; 上海自主智能无人系统科学中心; 同济大学上海国际设计创新学院,,,,海洋与地球科学学院; 生命科学与技术学院; 中德工程学院，职业技术教育学院; 设计创意学院; 政治与国际关系学院; 上海国际知识产权学院; 国际文化交流学院; 法学院; 体育部（国际足球学院）; 出国培训学院，留德预备部; 网络教育学院，继续教育学院; 中德学院; 创新创业学院; 新生院; 国豪书院（未来技术学院）; 启迪书院; 口腔医学院; 上海自主智能无人系统科学中心; 同济大学上海国际设计创新学院,,,,海洋与地球科学学院; 生命科学与技术学院; 测绘与地理信息学院; 材料科学与工程学院; 航空航天与力学学院; 中德工程学院，职业技术教育学院; 设计创意学院; 人文学院; 政治与国际关系学院; 艺术与传媒学院; 上海国际知识产权学院; 国际文化交流学院; 法学院; 体育部（国际足球学院）; 出国培训学院，留德预备部; 网络教育学院，继续教育学院; 中德学院; 创新创业学院; 新生院; 国豪书院（未来技术学院）; 启迪书院; 口腔医学院; 上海自主智能无人系统科学中心; 同济大学上海国际设计创新学院,,
【汇总】组1_成员,,,,,物理科学与工程学院; 数学科学学院; 化学科学与工程学院; 机械工程与机器人学院; 测绘与地理信息学院; 计算机科学与技术学院（软件学院）; 材料科学与工程学院; 航空航天与力学学院; 人文学院; 外国语学院; 艺术与传媒学院; 马克思主义学院,,,,物理科学与工程学院; 数学科学学院; 化学科学与工程学院; 机械工程与机器人学院; 测绘与地理信息学院; 材料科学与工程学院; 航空航天与力学学院; 人文学院; 外国语学院; 艺术与传媒学院; 马克思主义学院,,,,物理科学与工程学院; 数学科学学院; 化学科学与工程学院; 机械工程与机器人学院; 计算机科学与技术学院（软件学院）; 外国语学院; 马克思主义学院,,
【汇总】组2_成员,,,,,汽车与能源学院; 电子与信息工程学院; 环境科学与工程学院，联合国环境规划署-同济大学环境与可持续发展学院; 土木工程学院; 交通学院（铁道与城市轨道交通研究院），未减去磁浮中心的数量; 建筑与城市规划学院; 医学院; 经济与管理学院,,,,计算机科学与技术学院（软件学院）; 汽车与能源学院; 电子与信息工程学院; 环境科学与工程学院，联合国环境规划署-同济大学环境与可持续发展学院; 土木工程学院; 交通学院（铁道与城市轨道交通研究院），未减去磁浮中心的数量; 建筑与城市规划学院; 医学院; 经济与管理学院,,,,汽车与能源学院; 电子与信息工程学院; 环境科学与工程学院，联合国环境规划署-同济大学环境与可持续发展学院; 土木工程学院; 交通学院（铁道与城市轨道交通研究院），未减去磁浮中心的数量; 建筑与城市规划学院; 医学院; 经济与管理学院,,
